<?xml version="1.0" encoding="UTF-8"?>

<protocol name="LabelAnalyzer"> 
  <display> 
    <default>LabelAnalyzer</default> 
  </display>  
  <description> 
    <default/> 
  </description>  
  <components> 
    <component class="org.bflow.toolbox.addons.components.DiagramExportComponent" params="Activities Label Format"/>  
    <component class="org.bflow.toolbox.addons.components.ToolRunComponent" params="LabelAnalyzer"/>  
    <component class="org.bflow.toolbox.addons.components.ShellAnalysisComponent" params=""/>  
    <component class="org.bflow.toolbox.addons.components.ProblemsViewGeneratorComponent" params=""/> 
  </components>  
  <toolhint name="LabelAnalyzer" param="$source"/>
</protocol>
