<?xml version="1.0" encoding="UTF-8" ?>
<feature
	id="org.eclipse.babel.nls_modeling.mdt.bpmn2_de"
	label="Babel Language Pack for modeling.mdt.bpmn2 in German (92.83%)"
	image="eclipse_update_120.jpg"
	provider-name="%providerName"
	version="4.7.0.v20180815042455">
	<copyright>
		%copyright
	</copyright>
	<license url="%licenseURL">
		%license
	</license>
	<description>Babel Language Pack for modeling.mdt.bpmn2 in German</description>
	<plugin fragment="true" id="org.eclipse.bpmn2.edit.nl_de" unpack="false" version="4.7.0.v20180815042455" download-size="8570" install-size="8570" />
	<plugin fragment="true" id="org.eclipse.bpmn2.editor.nl_de" unpack="false" version="4.7.0.v20180815042455" download-size="2098" install-size="2098" />
	<plugin fragment="true" id="org.eclipse.bpmn2.nl_de" unpack="false" version="4.7.0.v20180815042455" download-size="1377" install-size="1377" />
	<plugin fragment="true" id="org.eclipse.bpmn2.tools.ecoremerger.nl_de" unpack="false" version="4.7.0.v20180815042455" download-size="1380" install-size="1380" />
</feature>