<?xml version="1.0" encoding="UTF-8" ?>
<feature
	id="org.eclipse.babel.nls_eclipse_de"
	label="Babel Language Pack for eclipse in German (85.17%)"
	image="eclipse_update_120.jpg"
	provider-name="%providerName"
	version="4.8.0.v20180815020001">
	<copyright>
		%copyright
	</copyright>
	<license url="%licenseURL">
		%license
	</license>
	<description>Babel Language Pack for eclipse in German</description>
	<plugin fragment="true" id="org.eclipse.ant.core.nl_de" unpack="false" version="4.8.0.v20180815020001" download-size="4905" install-size="4905" />
	<plugin fragment="true" id="org.eclipse.ant.launching.nl_de" unpack="false" version="4.8.0.v20180815020001" download-size="8150" install-size="8150" />
	<plugin fragment="true" id="org.eclipse.ant.tests.core.nl_de" unpack="false" version="4.8.0.v20180815020001" download-size="1760" install-size="1760" />
	<plugin fragment="true" id="org.eclipse.ant.tests.ui.nl_de" unpack="false" version="4.8.0.v20180815020001" download-size="1396" install-size="1396" />
	<plugin fragment="true" id="org.eclipse.ant.ui.nl_de" unpack="false" version="4.8.0.v20180815020001" download-size="23030" install-size="23030" />
	<plugin fragment="true" id="org.eclipse.compare.core.nl_de" unpack="false" version="4.8.0.v20180815020001" download-size="2462" install-size="2462" />
	<plugin fragment="true" id="org.eclipse.compare.examples.nl_de" unpack="false" version="4.8.0.v20180815020001" download-size="2364" install-size="2364" />
	<plugin fragment="true" id="org.eclipse.compare.examples.xml.nl_de" unpack="false" version="4.8.0.v20180815020001" download-size="3583" install-size="3583" />
	<plugin fragment="true" id="org.eclipse.compare.nl_de" unpack="false" version="4.8.0.v20180815020001" download-size="14607" install-size="14607" />
	<plugin fragment="true" id="org.eclipse.compare.win32.nl_de" unpack="false" version="4.8.0.v20180815020001" download-size="3212" install-size="3212" />
	<plugin fragment="true" id="org.eclipse.core.commands.nl_de" unpack="false" version="4.8.0.v20180815020001" download-size="1382" install-size="1382" />
	<plugin fragment="true" id="org.eclipse.core.contenttype.nl_de" unpack="false" version="4.8.0.v20180815020001" download-size="2649" install-size="2649" />
	<plugin fragment="true" id="org.eclipse.core.databinding.beans.nl_de" unpack="false" version="4.8.0.v20180815020001" download-size="1410" install-size="1410" />
	<plugin fragment="true" id="org.eclipse.core.databinding.nl_de" unpack="false" version="4.8.0.v20180815020001" download-size="2757" install-size="2757" />
	<plugin fragment="true" id="org.eclipse.core.databinding.observable.nl_de" unpack="false" version="4.8.0.v20180815020001" download-size="1416" install-size="1416" />
	<plugin fragment="true" id="org.eclipse.core.databinding.property.nl_de" unpack="false" version="4.8.0.v20180815020001" download-size="1408" install-size="1408" />
	<plugin fragment="true" id="org.eclipse.core.expressions.nl_de" unpack="false" version="4.8.0.v20180815020001" download-size="3041" install-size="3041" />
	<plugin fragment="true" id="org.eclipse.core.externaltools.nl_de" unpack="false" version="4.8.0.v20180815020001" download-size="4136" install-size="4136" />
	<plugin fragment="true" id="org.eclipse.core.filebuffers.nl_de" unpack="false" version="4.8.0.v20180815020001" download-size="4138" install-size="4138" />
	<plugin fragment="true" id="org.eclipse.core.filesystem.linux.ppc64.nl_de" unpack="false" version="4.8.0.v20180815020001" download-size="1424" install-size="1424" />
	<plugin fragment="true" id="org.eclipse.core.filesystem.linux.ppc64le.nl_de" unpack="false" version="4.8.0.v20180815020001" download-size="1427" install-size="1427" />
	<plugin fragment="true" id="org.eclipse.core.filesystem.linux.x86.nl_de" unpack="false" version="4.8.0.v20180815020001" download-size="1452" install-size="1452" />
	<plugin fragment="true" id="org.eclipse.core.filesystem.linux.x86_64.nl_de" unpack="false" version="4.8.0.v20180815020001" download-size="1455" install-size="1455" />
	<plugin fragment="true" id="org.eclipse.core.filesystem.macosx.nl_de" unpack="false" version="4.8.0.v20180815020001" download-size="1437" install-size="1437" />
	<plugin fragment="true" id="org.eclipse.core.filesystem.nl_de" unpack="false" version="4.8.0.v20180815020001" download-size="3012" install-size="3012" />
	<plugin fragment="true" id="org.eclipse.core.filesystem.win32.x86.nl_de" unpack="false" version="4.8.0.v20180815020001" download-size="1453" install-size="1453" />
	<plugin fragment="true" id="org.eclipse.core.filesystem.win32.x86_64.nl_de" unpack="false" version="4.8.0.v20180815020001" download-size="1466" install-size="1466" />
	<plugin fragment="true" id="org.eclipse.core.jobs.nl_de" unpack="false" version="4.8.0.v20180815020001" download-size="2452" install-size="2452" />
	<plugin fragment="true" id="org.eclipse.core.net.linux.x86.nl_de" unpack="false" version="4.8.0.v20180815020001" download-size="1442" install-size="1442" />
	<plugin fragment="true" id="org.eclipse.core.net.linux.x86_64.nl_de" unpack="false" version="4.8.0.v20180815020001" download-size="1452" install-size="1452" />
	<plugin fragment="true" id="org.eclipse.core.net.nl_de" unpack="false" version="4.8.0.v20180815020001" download-size="2292" install-size="2292" />
	<plugin fragment="true" id="org.eclipse.core.net.win32.x86.nl_de" unpack="false" version="4.8.0.v20180815020001" download-size="1444" install-size="1444" />
	<plugin fragment="true" id="org.eclipse.core.net.win32.x86_64.nl_de" unpack="false" version="4.8.0.v20180815020001" download-size="1446" install-size="1446" />
	<plugin fragment="true" id="org.eclipse.core.resources.nl_de" unpack="false" version="4.8.0.v20180815020001" download-size="10100" install-size="10100" />
	<plugin fragment="true" id="org.eclipse.core.runtime.nl_de" unpack="false" version="4.8.0.v20180815020001" download-size="3858" install-size="3858" />
	<plugin fragment="true" id="org.eclipse.core.tests.runtime.nl_de" unpack="false" version="4.8.0.v20180815020001" download-size="2015" install-size="2015" />
	<plugin fragment="true" id="org.eclipse.core.tools.nl_de" unpack="false" version="4.8.0.v20180815020001" download-size="2286" install-size="2286" />
	<plugin fragment="true" id="org.eclipse.core.variables.nl_de" unpack="false" version="4.8.0.v20180815020001" download-size="2537" install-size="2537" />
	<plugin fragment="true" id="org.eclipse.cvs.nl_de" unpack="false" version="4.8.0.v20180815020001" download-size="1585" install-size="1585" />
	<plugin fragment="true" id="org.eclipse.debug.core.nl_de" unpack="false" version="4.8.0.v20180815020001" download-size="7505" install-size="7505" />
	<plugin fragment="true" id="org.eclipse.debug.examples.core.nl_de" unpack="false" version="4.8.0.v20180815020001" download-size="1846" install-size="1846" />
	<plugin fragment="true" id="org.eclipse.debug.examples.memory.nl_de" unpack="false" version="4.8.0.v20180815020001" download-size="2680" install-size="2680" />
	<plugin fragment="true" id="org.eclipse.debug.examples.mixedmode.nl_de" unpack="false" version="4.8.0.v20180815020001" download-size="2659" install-size="2659" />
	<plugin fragment="true" id="org.eclipse.debug.examples.ui.nl_de" unpack="false" version="4.8.0.v20180815020001" download-size="3171" install-size="3171" />
	<plugin fragment="true" id="org.eclipse.debug.ui.nl_de" unpack="false" version="4.8.0.v20180815020001" download-size="35838" install-size="35838" />
	<plugin fragment="true" id="org.eclipse.e4.core.commands.nl_de" unpack="false" version="4.8.0.v20180815020001" download-size="1395" install-size="1395" />
	<plugin fragment="true" id="org.eclipse.e4.core.contexts.nl_de" unpack="false" version="4.8.0.v20180815020001" download-size="1389" install-size="1389" />
	<plugin fragment="true" id="org.eclipse.e4.core.di.annotations.nl_de" unpack="false" version="4.8.0.v20180815020001" download-size="1598" install-size="1598" />
	<plugin fragment="true" id="org.eclipse.e4.core.di.extensions.nl_de" unpack="false" version="4.8.0.v20180815020001" download-size="1417" install-size="1417" />
	<plugin fragment="true" id="org.eclipse.e4.core.di.extensions.supplier.nl_de" unpack="false" version="4.8.0.v20180815020001" download-size="1604" install-size="1604" />
	<plugin fragment="true" id="org.eclipse.e4.core.di.nl_de" unpack="false" version="4.8.0.v20180815020001" download-size="1400" install-size="1400" />
	<plugin fragment="true" id="org.eclipse.e4.core.services.nl_de" unpack="false" version="4.8.0.v20180815020001" download-size="1392" install-size="1392" />
	<plugin fragment="true" id="org.eclipse.e4.demo.cssbridge.nl_de" unpack="false" version="4.8.0.v20180815020001" download-size="1442" install-size="1442" />
	<plugin fragment="true" id="org.eclipse.e4.emf.xpath.nl_de" unpack="false" version="4.8.0.v20180815020001" download-size="1594" install-size="1594" />
	<plugin fragment="true" id="org.eclipse.e4.tools.compat.nl_de" unpack="false" version="4.8.0.v20180815020001" download-size="2607" install-size="2607" />
	<plugin fragment="true" id="org.eclipse.e4.tools.emf.editor3x.nl_de" unpack="false" version="4.8.0.v20180815020001" download-size="2647" install-size="2647" />
	<plugin fragment="true" id="org.eclipse.e4.tools.emf.ui.nl_de" unpack="false" version="4.8.0.v20180815020001" download-size="6993" install-size="6993" />
	<plugin fragment="true" id="org.eclipse.e4.tools.jdt.templates.nl_de" unpack="false" version="4.8.0.v20180815020001" download-size="1371" install-size="1371" />
	<plugin fragment="true" id="org.eclipse.e4.tools.nl_de" unpack="false" version="4.8.0.v20180815020001" download-size="2871" install-size="2871" />
	<plugin fragment="true" id="org.eclipse.e4.tools.services.nl_de" unpack="false" version="4.8.0.v20180815020001" download-size="1609" install-size="1609" />
	<plugin fragment="true" id="org.eclipse.e4.ui.bindings.nl_de" unpack="false" version="4.8.0.v20180815020001" download-size="1401" install-size="1401" />
	<plugin fragment="true" id="org.eclipse.e4.ui.css.core.nl_de" unpack="false" version="4.8.0.v20180815020001" download-size="1451" install-size="1451" />
	<plugin fragment="true" id="org.eclipse.e4.ui.css.swt.nl_de" unpack="false" version="4.8.0.v20180815020001" download-size="1402" install-size="1402" />
	<plugin fragment="true" id="org.eclipse.e4.ui.css.swt.theme.nl_de" unpack="false" version="4.8.0.v20180815020001" download-size="1428" install-size="1428" />
	<plugin fragment="true" id="org.eclipse.e4.ui.di.nl_de" unpack="false" version="4.8.0.v20180815020001" download-size="1400" install-size="1400" />
	<plugin fragment="true" id="org.eclipse.e4.ui.dialogs.nl_de" unpack="false" version="4.8.0.v20180815020001" download-size="2455" install-size="2455" />
	<plugin fragment="true" id="org.eclipse.e4.ui.menu.tests.p3.nl_de" unpack="false" version="4.8.0.v20180815020001" download-size="1520" install-size="1520" />
	<plugin fragment="true" id="org.eclipse.e4.ui.model.workbench.nl_de" unpack="false" version="4.8.0.v20180815020001" download-size="1440" install-size="1440" />
	<plugin fragment="true" id="org.eclipse.e4.ui.progress.nl_de" unpack="false" version="4.8.0.v20180815020001" download-size="3805" install-size="3805" />
	<plugin fragment="true" id="org.eclipse.e4.ui.services.nl_de" unpack="false" version="4.8.0.v20180815020001" download-size="1396" install-size="1396" />
	<plugin fragment="true" id="org.eclipse.e4.ui.swt.gtk.nl_de" unpack="false" version="4.8.0.v20180815020001" download-size="1379" install-size="1379" />
	<plugin fragment="true" id="org.eclipse.e4.ui.widgets.nl_de" unpack="false" version="4.8.0.v20180815020001" download-size="1396" install-size="1396" />
	<plugin fragment="true" id="org.eclipse.e4.ui.workbench.addons.swt.nl_de" unpack="false" version="4.8.0.v20180815020001" download-size="2762" install-size="2762" />
	<plugin fragment="true" id="org.eclipse.e4.ui.workbench.nl_de" unpack="false" version="4.8.0.v20180815020001" download-size="1462" install-size="1462" />
	<plugin fragment="true" id="org.eclipse.e4.ui.workbench.renderers.swt.cocoa.nl_de" unpack="false" version="4.8.0.v20180815020001" download-size="3074" install-size="3074" />
	<plugin fragment="true" id="org.eclipse.e4.ui.workbench.renderers.swt.nl_de" unpack="false" version="4.8.0.v20180815020001" download-size="3714" install-size="3714" />
	<plugin fragment="true" id="org.eclipse.e4.ui.workbench.swt.nl_de" unpack="false" version="4.8.0.v20180815020001" download-size="3465" install-size="3465" />
	<plugin fragment="true" id="org.eclipse.e4.ui.workbench3.nl_de" unpack="false" version="4.8.0.v20180815020001" download-size="1425" install-size="1425" />
	<plugin fragment="true" id="org.eclipse.equinox.frameworkadmin.equinox.nl_de" unpack="false" version="4.8.0.v20180815020001" download-size="2970" install-size="2970" />
	<plugin fragment="true" id="org.eclipse.equinox.frameworkadmin.nl_de" unpack="false" version="4.8.0.v20180815020001" download-size="1408" install-size="1408" />
	<plugin fragment="true" id="org.eclipse.equinox.launcher.cocoa.macosx.x86_64.nl_de" unpack="false" version="4.8.0.v20180815020001" download-size="1514" install-size="1514" />
	<plugin fragment="true" id="org.eclipse.equinox.launcher.gtk.aix.ppc64.nl_de" unpack="false" version="4.8.0.v20180815020001" download-size="1504" install-size="1504" />
	<plugin fragment="true" id="org.eclipse.equinox.launcher.gtk.linux.aarch64.nl_de" unpack="false" version="4.8.0.v20180815020001" download-size="1429" install-size="1429" />
	<plugin fragment="true" id="org.eclipse.equinox.launcher.gtk.linux.arm.nl_de" unpack="false" version="4.8.0.v20180815020001" download-size="1416" install-size="1416" />
	<plugin fragment="true" id="org.eclipse.equinox.launcher.gtk.linux.ppc64.nl_de" unpack="false" version="4.8.0.v20180815020001" download-size="1505" install-size="1505" />
	<plugin fragment="true" id="org.eclipse.equinox.launcher.gtk.linux.ppc64le.nl_de" unpack="false" version="4.8.0.v20180815020001" download-size="1429" install-size="1429" />
	<plugin fragment="true" id="org.eclipse.equinox.launcher.gtk.linux.s390.nl_de" unpack="false" version="4.8.0.v20180815020001" download-size="1500" install-size="1500" />
	<plugin fragment="true" id="org.eclipse.equinox.launcher.gtk.linux.s390x.nl_de" unpack="false" version="4.8.0.v20180815020001" download-size="1503" install-size="1503" />
	<plugin fragment="true" id="org.eclipse.equinox.launcher.gtk.linux.x86.nl_de" unpack="false" version="4.8.0.v20180815020001" download-size="1496" install-size="1496" />
	<plugin fragment="true" id="org.eclipse.equinox.launcher.gtk.linux.x86_64.nl_de" unpack="false" version="4.8.0.v20180815020001" download-size="1511" install-size="1511" />
	<plugin fragment="true" id="org.eclipse.equinox.launcher.nl_de" unpack="false" version="4.8.0.v20180815020001" download-size="1397" install-size="1397" />
	<plugin fragment="true" id="org.eclipse.equinox.launcher.win32.win32.x86.nl_de" unpack="false" version="4.8.0.v20180815020001" download-size="1500" install-size="1500" />
	<plugin fragment="true" id="org.eclipse.equinox.launcher.win32.win32.x86_64.nl_de" unpack="false" version="4.8.0.v20180815020001" download-size="1513" install-size="1513" />
	<plugin fragment="true" id="org.eclipse.equinox.p2.artifact.optimizers.nl_de" unpack="false" version="4.8.0.v20180815020001" download-size="2902" install-size="2902" />
	<plugin fragment="true" id="org.eclipse.equinox.p2.artifact.processors.nl_de" unpack="false" version="4.8.0.v20180815020001" download-size="1383" install-size="1383" />
	<plugin fragment="true" id="org.eclipse.equinox.p2.artifact.repository.nl_de" unpack="false" version="4.8.0.v20180815020001" download-size="6185" install-size="6185" />
	<plugin fragment="true" id="org.eclipse.equinox.p2.console.nl_de" unpack="false" version="4.8.0.v20180815020001" download-size="2463" install-size="2463" />
	<plugin fragment="true" id="org.eclipse.equinox.p2.core.nl_de" unpack="false" version="4.8.0.v20180815020001" download-size="2739" install-size="2739" />
	<plugin fragment="true" id="org.eclipse.equinox.p2.director.app.nl_de" unpack="false" version="4.8.0.v20180815020001" download-size="2918" install-size="2918" />
	<plugin fragment="true" id="org.eclipse.equinox.p2.director.nl_de" unpack="false" version="4.8.0.v20180815020001" download-size="2820" install-size="2820" />
	<plugin fragment="true" id="org.eclipse.equinox.p2.directorywatcher.nl_de" unpack="false" version="4.8.0.v20180815020001" download-size="2994" install-size="2994" />
	<plugin fragment="true" id="org.eclipse.equinox.p2.discovery.compatibility.nl_de" unpack="false" version="4.8.0.v20180815020001" download-size="3395" install-size="3395" />
	<plugin fragment="true" id="org.eclipse.equinox.p2.discovery.nl_de" unpack="false" version="4.8.0.v20180815020001" download-size="3450" install-size="3450" />
	<plugin fragment="true" id="org.eclipse.equinox.p2.engine.nl_de" unpack="false" version="4.8.0.v20180815020001" download-size="2906" install-size="2906" />
	<plugin fragment="true" id="org.eclipse.equinox.p2.examples.rcp.cloud.nl_de" unpack="false" version="4.8.0.v20180815020001" download-size="1467" install-size="1467" />
	<plugin fragment="true" id="org.eclipse.equinox.p2.examples.rcp.discovery.nl_de" unpack="false" version="4.8.0.v20180815020001" download-size="1472" install-size="1472" />
	<plugin fragment="true" id="org.eclipse.equinox.p2.examples.rcp.sdkbundlevisibility.nl_de" unpack="false" version="4.8.0.v20180815020001" download-size="3462" install-size="3462" />
	<plugin fragment="true" id="org.eclipse.equinox.p2.extensionlocation.nl_de" unpack="false" version="4.8.0.v20180815020001" download-size="2694" install-size="2694" />
	<plugin fragment="true" id="org.eclipse.equinox.p2.garbagecollector.nl_de" unpack="false" version="4.8.0.v20180815020001" download-size="2529" install-size="2529" />
	<plugin fragment="true" id="org.eclipse.equinox.p2.installer.nl_de" unpack="false" version="4.8.0.v20180815020001" download-size="3411" install-size="3411" />
	<plugin fragment="true" id="org.eclipse.equinox.p2.jarprocessor.nl_de" unpack="false" version="4.8.0.v20180815020001" download-size="1379" install-size="1379" />
	<plugin fragment="true" id="org.eclipse.equinox.p2.metadata.nl_de" unpack="false" version="4.8.0.v20180815020001" download-size="2857" install-size="2857" />
	<plugin fragment="true" id="org.eclipse.equinox.p2.metadata.repository.nl_de" unpack="false" version="4.8.0.v20180815020001" download-size="2662" install-size="2662" />
	<plugin fragment="true" id="org.eclipse.equinox.p2.operations.nl_de" unpack="false" version="4.8.0.v20180815020001" download-size="2849" install-size="2849" />
	<plugin fragment="true" id="org.eclipse.equinox.p2.publisher.eclipse.nl_de" unpack="false" version="4.8.0.v20180815020001" download-size="3325" install-size="3325" />
	<plugin fragment="true" id="org.eclipse.equinox.p2.publisher.nl_de" unpack="false" version="4.8.0.v20180815020001" download-size="2669" install-size="2669" />
	<plugin fragment="true" id="org.eclipse.equinox.p2.reconciler.dropins.nl_de" unpack="false" version="4.8.0.v20180815020001" download-size="2668" install-size="2668" />
	<plugin fragment="true" id="org.eclipse.equinox.p2.repository.nl_de" unpack="false" version="4.8.0.v20180815020001" download-size="4273" install-size="4273" />
	<plugin fragment="true" id="org.eclipse.equinox.p2.repository.tools.nl_de" unpack="false" version="4.8.0.v20180815020001" download-size="4637" install-size="4637" />
	<plugin fragment="true" id="org.eclipse.equinox.p2.tests.discovery.nl_de" unpack="false" version="4.8.0.v20180815020001" download-size="1412" install-size="1412" />
	<plugin fragment="true" id="org.eclipse.equinox.p2.tests.ui.nl_de" unpack="false" version="4.8.0.v20180815020001" download-size="1377" install-size="1377" />
	<plugin fragment="true" id="org.eclipse.equinox.p2.tests.verifier.nl_de" unpack="false" version="4.8.0.v20180815020001" download-size="4970" install-size="4970" />
	<plugin fragment="true" id="org.eclipse.equinox.p2.touchpoint.eclipse.nl_de" unpack="false" version="4.8.0.v20180815020001" download-size="3977" install-size="3977" />
	<plugin fragment="true" id="org.eclipse.equinox.p2.touchpoint.natives.nl_de" unpack="false" version="4.8.0.v20180815020001" download-size="2992" install-size="2992" />
	<plugin fragment="true" id="org.eclipse.equinox.p2.transport.ecf.nl_de" unpack="false" version="4.8.0.v20180815020001" download-size="2852" install-size="2852" />
	<plugin fragment="true" id="org.eclipse.equinox.p2.ui.admin.nl_de" unpack="false" version="4.8.0.v20180815020001" download-size="3201" install-size="3201" />
	<plugin fragment="true" id="org.eclipse.equinox.p2.ui.admin.rcp.nl_de" unpack="false" version="4.8.0.v20180815020001" download-size="2894" install-size="2894" />
	<plugin fragment="true" id="org.eclipse.equinox.p2.ui.discovery.nl_de" unpack="false" version="4.8.0.v20180815020001" download-size="4693" install-size="4693" />
	<plugin fragment="true" id="org.eclipse.equinox.p2.ui.importexport.nl_de" unpack="false" version="4.8.0.v20180815020001" download-size="3108" install-size="3108" />
	<plugin fragment="true" id="org.eclipse.equinox.p2.ui.nl_de" unpack="false" version="4.8.0.v20180815020001" download-size="7323" install-size="7323" />
	<plugin fragment="true" id="org.eclipse.equinox.p2.ui.sdk.nl_de" unpack="false" version="4.8.0.v20180815020001" download-size="3741" install-size="3741" />
	<plugin fragment="true" id="org.eclipse.equinox.p2.ui.sdk.scheduler.nl_de" unpack="false" version="4.8.0.v20180815020001" download-size="4386" install-size="4386" />
	<plugin fragment="true" id="org.eclipse.equinox.p2.updatechecker.nl_de" unpack="false" version="4.8.0.v20180815020001" download-size="1380" install-size="1380" />
	<plugin fragment="true" id="org.eclipse.equinox.p2.updatesite.nl_de" unpack="false" version="4.8.0.v20180815020001" download-size="3060" install-size="3060" />
	<plugin fragment="true" id="org.eclipse.equinox.simpleconfigurator.manipulator.nl_de" unpack="false" version="4.8.0.v20180815020001" download-size="1390" install-size="1390" />
	<plugin fragment="true" id="org.eclipse.equinox.simpleconfigurator.nl_de" unpack="false" version="4.8.0.v20180815020001" download-size="1404" install-size="1404" />
	<plugin fragment="true" id="org.eclipse.help.base.nl_de" unpack="false" version="4.8.0.v20180815020001" download-size="3846" install-size="3846" />
	<plugin fragment="true" id="org.eclipse.help.nl_de" unpack="false" version="4.8.0.v20180815020001" download-size="1513" install-size="1513" />
	<plugin fragment="true" id="org.eclipse.help.ui.nl_de" unpack="false" version="4.8.0.v20180815020001" download-size="6306" install-size="6306" />
	<plugin fragment="true" id="org.eclipse.help.webapp.nl_de" unpack="false" version="4.8.0.v20180815020001" download-size="6030" install-size="6030" />
	<plugin fragment="true" id="org.eclipse.jdt.annotation.nl_de" unpack="false" version="4.8.0.v20180815020001" download-size="1412" install-size="1412" />
	<plugin fragment="true" id="org.eclipse.jdt.annotation_v1.nl_de" unpack="false" version="4.8.0.v20180815020001" download-size="1414" install-size="1414" />
	<plugin fragment="true" id="org.eclipse.jdt.apt.core.nl_de" unpack="false" version="4.8.0.v20180815020001" download-size="3858" install-size="3858" />
	<plugin fragment="true" id="org.eclipse.jdt.apt.pluggable.core.nl_de" unpack="false" version="4.8.0.v20180815020001" download-size="1435" install-size="1435" />
	<plugin fragment="true" id="org.eclipse.jdt.apt.ui.nl_de" unpack="false" version="4.8.0.v20180815020001" download-size="4532" install-size="4532" />
	<plugin fragment="true" id="org.eclipse.jdt.astview.nl_de" unpack="false" version="4.8.0.v20180815020001" download-size="1366" install-size="1366" />
	<plugin fragment="true" id="org.eclipse.jdt.compiler.apt.nl_de" unpack="false" version="4.8.0.v20180815020001" download-size="1398" install-size="1398" />
	<plugin fragment="true" id="org.eclipse.jdt.compiler.tool.nl_de" unpack="false" version="4.8.0.v20180815020001" download-size="1401" install-size="1401" />
	<plugin fragment="true" id="org.eclipse.jdt.core.manipulation.nl_de" unpack="false" version="4.8.0.v20180815020001" download-size="5117" install-size="5117" />
	<plugin fragment="true" id="org.eclipse.jdt.core.nl_de" unpack="false" version="4.8.0.v20180815020001" download-size="26719" install-size="26719" />
	<plugin fragment="true" id="org.eclipse.jdt.core.tests.builder.nl_de" unpack="false" version="4.8.0.v20180815020001" download-size="1405" install-size="1405" />
	<plugin fragment="true" id="org.eclipse.jdt.core.tests.compiler.nl_de" unpack="false" version="4.8.0.v20180815020001" download-size="1399" install-size="1399" />
	<plugin fragment="true" id="org.eclipse.jdt.core.tests.model.nl_de" unpack="false" version="4.8.0.v20180815020001" download-size="11885" install-size="11885" />
	<plugin fragment="true" id="org.eclipse.jdt.core.tests.performance.nl_de" unpack="false" version="4.8.0.v20180815020001" download-size="1404" install-size="1404" />
	<plugin fragment="true" id="org.eclipse.jdt.debug.nl_de" unpack="false" version="4.8.0.v20180815020001" download-size="22226" install-size="22226" />
	<plugin fragment="true" id="org.eclipse.jdt.debug.ui.nl_de" unpack="false" version="4.8.0.v20180815020001" download-size="31963" install-size="31963" />
	<plugin fragment="true" id="org.eclipse.jdt.doc.isv.nl_de" unpack="false" version="4.8.0.v20180815020001" download-size="1404" install-size="1404" />
	<plugin fragment="true" id="org.eclipse.jdt.doc.user.nl_de" unpack="false" version="4.8.0.v20180815020001" download-size="1400" install-size="1400" />
	<plugin fragment="true" id="org.eclipse.jdt.jeview.nl_de" unpack="false" version="4.8.0.v20180815020001" download-size="1365" install-size="1365" />
	<plugin fragment="true" id="org.eclipse.jdt.junit.core.nl_de" unpack="false" version="4.8.0.v20180815020001" download-size="4184" install-size="4184" />
	<plugin fragment="true" id="org.eclipse.jdt.junit.nl_de" unpack="false" version="4.8.0.v20180815020001" download-size="10134" install-size="10134" />
	<plugin fragment="true" id="org.eclipse.jdt.junit.runtime.nl_de" unpack="false" version="4.8.0.v20180815020001" download-size="2920" install-size="2920" />
	<plugin fragment="true" id="org.eclipse.jdt.junit4.runtime.nl_de" unpack="false" version="4.8.0.v20180815020001" download-size="1427" install-size="1427" />
	<plugin fragment="true" id="org.eclipse.jdt.junit5.runtime.nl_de" unpack="false" version="4.8.0.v20180815020001" download-size="1370" install-size="1370" />
	<plugin fragment="true" id="org.eclipse.jdt.launching.macosx.nl_de" unpack="false" version="4.8.0.v20180815020001" download-size="2523" install-size="2523" />
	<plugin fragment="true" id="org.eclipse.jdt.launching.nl_de" unpack="false" version="4.8.0.v20180815020001" download-size="7835" install-size="7835" />
	<plugin fragment="true" id="org.eclipse.jdt.launching.ui.macosx.nl_de" unpack="false" version="4.8.0.v20180815020001" download-size="3213" install-size="3213" />
	<plugin fragment="true" id="org.eclipse.jdt.nl_de" unpack="false" version="4.8.0.v20180815020001" download-size="1544" install-size="1544" />
	<plugin fragment="true" id="org.eclipse.jdt.ui.examples.javafamily.nl_de" unpack="false" version="4.8.0.v20180815020001" download-size="2499" install-size="2499" />
	<plugin fragment="true" id="org.eclipse.jdt.ui.examples.projects.nl_de" unpack="false" version="4.8.0.v20180815020001" download-size="2786" install-size="2786" />
	<plugin fragment="true" id="org.eclipse.jdt.ui.nl_de" unpack="false" version="4.8.0.v20180815020001" download-size="167930" install-size="167930" />
	<plugin fragment="true" id="org.eclipse.jdt.ui.tests.refactoring.nl_de" unpack="false" version="4.8.0.v20180815020001" download-size="1408" install-size="1408" />
	<plugin fragment="true" id="org.eclipse.jface.databinding.nl_de" unpack="false" version="4.8.0.v20180815020001" download-size="1413" install-size="1413" />
	<plugin fragment="true" id="org.eclipse.jface.examples.databinding.nl_de" unpack="false" version="4.8.0.v20180815020001" download-size="1405" install-size="1405" />
	<plugin fragment="true" id="org.eclipse.jface.nl_de" unpack="false" version="4.8.0.v20180815020001" download-size="6434" install-size="6434" />
	<plugin fragment="true" id="org.eclipse.jface.tests.databinding.conformance.nl_de" unpack="false" version="4.8.0.v20180815020001" download-size="1425" install-size="1425" />
	<plugin fragment="true" id="org.eclipse.jface.tests.databinding.nl_de" unpack="false" version="4.8.0.v20180815020001" download-size="1400" install-size="1400" />
	<plugin fragment="true" id="org.eclipse.jface.text.nl_de" unpack="false" version="4.8.0.v20180815020001" download-size="12557" install-size="12557" />
	<plugin fragment="true" id="org.eclipse.jsch.core.nl_de" unpack="false" version="4.8.0.v20180815020001" download-size="2482" install-size="2482" />
	<plugin fragment="true" id="org.eclipse.jsch.ui.nl_de" unpack="false" version="4.8.0.v20180815020001" download-size="4088" install-size="4088" />
	<plugin fragment="true" id="org.eclipse.ltk.core.refactoring.nl_de" unpack="false" version="4.8.0.v20180815020001" download-size="5853" install-size="5853" />
	<plugin fragment="true" id="org.eclipse.ltk.ui.refactoring.nl_de" unpack="false" version="4.8.0.v20180815020001" download-size="8743" install-size="8743" />
	<plugin fragment="true" id="org.eclipse.osgi.compatibility.state.nl_de" unpack="false" version="4.8.0.v20180815020001" download-size="3168" install-size="3168" />
	<plugin fragment="true" id="org.eclipse.osgi.nl_de" unpack="false" version="4.8.0.v20180815020001" download-size="6213" install-size="6213" />
	<plugin fragment="true" id="org.eclipse.osgi.services.nl_de" unpack="false" version="4.8.0.v20180815020001" download-size="1365" install-size="1365" />
	<plugin fragment="true" id="org.eclipse.osgi.util.nl_de" unpack="false" version="4.8.0.v20180815020001" download-size="1431" install-size="1431" />
	<plugin fragment="true" id="org.eclipse.pde.api.tools.annotations.nl_de" unpack="false" version="4.8.0.v20180815020001" download-size="1600" install-size="1600" />
	<plugin fragment="true" id="org.eclipse.pde.api.tools.ee.cdcfoundation10.nl_de" unpack="false" version="4.8.0.v20180815020001" download-size="1411" install-size="1411" />
	<plugin fragment="true" id="org.eclipse.pde.api.tools.ee.cdcfoundation11.nl_de" unpack="false" version="4.8.0.v20180815020001" download-size="1411" install-size="1411" />
	<plugin fragment="true" id="org.eclipse.pde.api.tools.ee.j2se12.nl_de" unpack="false" version="4.8.0.v20180815020001" download-size="1387" install-size="1387" />
	<plugin fragment="true" id="org.eclipse.pde.api.tools.ee.j2se13.nl_de" unpack="false" version="4.8.0.v20180815020001" download-size="1387" install-size="1387" />
	<plugin fragment="true" id="org.eclipse.pde.api.tools.ee.j2se14.nl_de" unpack="false" version="4.8.0.v20180815020001" download-size="1387" install-size="1387" />
	<plugin fragment="true" id="org.eclipse.pde.api.tools.ee.j2se15.nl_de" unpack="false" version="4.8.0.v20180815020001" download-size="1387" install-size="1387" />
	<plugin fragment="true" id="org.eclipse.pde.api.tools.ee.javase16.nl_de" unpack="false" version="4.8.0.v20180815020001" download-size="1393" install-size="1393" />
	<plugin fragment="true" id="org.eclipse.pde.api.tools.ee.javase17.nl_de" unpack="false" version="4.8.0.v20180815020001" download-size="1393" install-size="1393" />
	<plugin fragment="true" id="org.eclipse.pde.api.tools.ee.javase18.nl_de" unpack="false" version="4.8.0.v20180815020001" download-size="1832" install-size="1832" />
	<plugin fragment="true" id="org.eclipse.pde.api.tools.ee.javase9.nl_de" unpack="false" version="4.8.0.v20180815020001" download-size="1794" install-size="1794" />
	<plugin fragment="true" id="org.eclipse.pde.api.tools.ee.jre11.nl_de" unpack="false" version="4.8.0.v20180815020001" download-size="1384" install-size="1384" />
	<plugin fragment="true" id="org.eclipse.pde.api.tools.ee.osgiminimum10.nl_de" unpack="false" version="4.8.0.v20180815020001" download-size="1404" install-size="1404" />
	<plugin fragment="true" id="org.eclipse.pde.api.tools.ee.osgiminimum11.nl_de" unpack="false" version="4.8.0.v20180815020001" download-size="1405" install-size="1405" />
	<plugin fragment="true" id="org.eclipse.pde.api.tools.ee.osgiminimum12.nl_de" unpack="false" version="4.8.0.v20180815020001" download-size="1405" install-size="1405" />
	<plugin fragment="true" id="org.eclipse.pde.api.tools.generator.nl_de" unpack="false" version="4.8.0.v20180815020001" download-size="1809" install-size="1809" />
	<plugin fragment="true" id="org.eclipse.pde.api.tools.nl_de" unpack="false" version="4.8.0.v20180815020001" download-size="15709" install-size="15709" />
	<plugin fragment="true" id="org.eclipse.pde.api.tools.ui.nl_de" unpack="false" version="4.8.0.v20180815020001" download-size="13544" install-size="13544" />
	<plugin fragment="true" id="org.eclipse.pde.build.nl_de" unpack="false" version="4.8.0.v20180815020001" download-size="6257" install-size="6257" />
	<plugin fragment="true" id="org.eclipse.pde.core.nl_de" unpack="false" version="4.8.0.v20180815020001" download-size="10033" install-size="10033" />
	<plugin fragment="true" id="org.eclipse.pde.doc.user.nl_de" unpack="false" version="4.8.0.v20180815020001" download-size="1390" install-size="1390" />
	<plugin fragment="true" id="org.eclipse.pde.ds.annotations.nl_de" unpack="false" version="4.8.0.v20180815020001" download-size="2817" install-size="2817" />
	<plugin fragment="true" id="org.eclipse.pde.ds.core.nl_de" unpack="false" version="4.8.0.v20180815020001" download-size="2903" install-size="2903" />
	<plugin fragment="true" id="org.eclipse.pde.ds.lib.nl_de" unpack="false" version="4.8.0.v20180815020001" download-size="1591" install-size="1591" />
	<plugin fragment="true" id="org.eclipse.pde.ds.ui.nl_de" unpack="false" version="4.8.0.v20180815020001" download-size="3090" install-size="3090" />
	<plugin fragment="true" id="org.eclipse.pde.ds1_2.lib.nl_de" unpack="false" version="4.8.0.v20180815020001" download-size="1594" install-size="1594" />
	<plugin fragment="true" id="org.eclipse.pde.genericeditor.extension.nl_de" unpack="false" version="4.8.0.v20180815020001" download-size="1457" install-size="1457" />
	<plugin fragment="true" id="org.eclipse.pde.junit.runtime.nl_de" unpack="false" version="4.8.0.v20180815020001" download-size="1406" install-size="1406" />
	<plugin fragment="true" id="org.eclipse.pde.launching.nl_de" unpack="false" version="4.8.0.v20180815020001" download-size="3216" install-size="3216" />
	<plugin fragment="true" id="org.eclipse.pde.nl_de" unpack="false" version="4.8.0.v20180815020001" download-size="1710" install-size="1710" />
	<plugin fragment="true" id="org.eclipse.pde.runtime.nl_de" unpack="false" version="4.8.0.v20180815020001" download-size="3432" install-size="3432" />
	<plugin fragment="true" id="org.eclipse.pde.ua.core.nl_de" unpack="false" version="4.8.0.v20180815020001" download-size="1464" install-size="1464" />
	<plugin fragment="true" id="org.eclipse.pde.ua.ui.nl_de" unpack="false" version="4.8.0.v20180815020001" download-size="15632" install-size="15632" />
	<plugin fragment="true" id="org.eclipse.pde.ui.nl_de" unpack="false" version="4.8.0.v20180815020001" download-size="42397" install-size="42397" />
	<plugin fragment="true" id="org.eclipse.pde.ui.templates.nl_de" unpack="false" version="4.8.0.v20180815020001" download-size="9099" install-size="9099" />
	<plugin fragment="true" id="org.eclipse.platform.doc.isv.nl_de" unpack="false" version="4.8.0.v20180815020001" download-size="1407" install-size="1407" />
	<plugin fragment="true" id="org.eclipse.platform.doc.user.nl_de" unpack="false" version="4.8.0.v20180815020001" download-size="1401" install-size="1401" />
	<plugin fragment="true" id="org.eclipse.platform.nl_de" unpack="false" version="4.8.0.v20180815020001" download-size="3418" install-size="3418" />
	<plugin fragment="true" id="org.eclipse.sdk.nl_de" unpack="false" version="4.8.0.v20180815020001" download-size="2764" install-size="2764" />
	<plugin fragment="true" id="org.eclipse.search.nl_de" unpack="false" version="4.8.0.v20180815020001" download-size="8833" install-size="8833" />
	<plugin fragment="true" id="org.eclipse.swt.examples.browser.demos.nl_de" unpack="false" version="4.8.0.v20180815020001" download-size="2153" install-size="2153" />
	<plugin fragment="true" id="org.eclipse.swt.examples.launcher.nl_de" unpack="false" version="4.8.0.v20180815020001" download-size="2176" install-size="2176" />
	<plugin fragment="true" id="org.eclipse.swt.examples.nl_de" unpack="false" version="4.8.0.v20180815020001" download-size="19174" install-size="19174" />
	<plugin fragment="true" id="org.eclipse.swt.examples.ole.win32.nl_de" unpack="false" version="4.8.0.v20180815020001" download-size="2293" install-size="2293" />
	<plugin fragment="true" id="org.eclipse.swt.examples.views.nl_de" unpack="false" version="4.8.0.v20180815020001" download-size="2527" install-size="2527" />
	<plugin fragment="true" id="org.eclipse.swt.fragments.localbuild.nl_de" unpack="false" version="4.8.0.v20180815020001" download-size="1409" install-size="1409" />
	<plugin fragment="true" id="org.eclipse.swt.nl_de" unpack="false" version="4.8.0.v20180815020001" download-size="3643" install-size="3643" />
	<plugin fragment="true" id="org.eclipse.swt.opengl.examples.nl_de" unpack="false" version="4.8.0.v20180815020001" download-size="1867" install-size="1867" />
	<plugin fragment="true" id="org.eclipse.swt.snippets.nl_de" unpack="false" version="4.8.0.v20180815020001" download-size="1385" install-size="1385" />
	<plugin fragment="true" id="org.eclipse.swt.tools.base.nl_de" unpack="false" version="4.8.0.v20180815020001" download-size="1390" install-size="1390" />
	<plugin fragment="true" id="org.eclipse.swt.tools.nl_de" unpack="false" version="4.8.0.v20180815020001" download-size="1467" install-size="1467" />
	<plugin fragment="true" id="org.eclipse.swt.tools.spies.nl_de" unpack="false" version="4.8.0.v20180815020001" download-size="1392" install-size="1392" />
	<plugin fragment="true" id="org.eclipse.team.core.nl_de" unpack="false" version="4.8.0.v20180815020001" download-size="4833" install-size="4833" />
	<plugin fragment="true" id="org.eclipse.team.cvs.core.nl_de" unpack="false" version="4.8.0.v20180815020001" download-size="8616" install-size="8616" />
	<plugin fragment="true" id="org.eclipse.team.cvs.ssh2.nl_de" unpack="false" version="4.8.0.v20180815020001" download-size="3704" install-size="3704" />
	<plugin fragment="true" id="org.eclipse.team.cvs.ui.nl_de" unpack="false" version="4.8.0.v20180815020001" download-size="27516" install-size="27516" />
	<plugin fragment="true" id="org.eclipse.team.examples.filesystem.nl_de" unpack="false" version="4.8.0.v20180815020001" download-size="3363" install-size="3363" />
	<plugin fragment="true" id="org.eclipse.team.genericeditor.diff.extension.nl_de" unpack="false" version="4.8.0.v20180815020001" download-size="1381" install-size="1381" />
	<plugin fragment="true" id="org.eclipse.team.tests.core.nl_de" unpack="false" version="4.8.0.v20180815020001" download-size="1351" install-size="1351" />
	<plugin fragment="true" id="org.eclipse.team.tests.cvs.core.nl_de" unpack="false" version="4.8.0.v20180815020001" download-size="1557" install-size="1557" />
	<plugin fragment="true" id="org.eclipse.team.ui.nl_de" unpack="false" version="4.8.0.v20180815020001" download-size="14785" install-size="14785" />
	<plugin fragment="true" id="org.eclipse.text.nl_de" unpack="false" version="4.8.0.v20180815020001" download-size="4286" install-size="4286" />
	<plugin fragment="true" id="org.eclipse.tips.core.nl_de" unpack="false" version="4.8.0.v20180815020001" download-size="1573" install-size="1573" />
	<plugin fragment="true" id="org.eclipse.tips.ide.nl_de" unpack="false" version="4.8.0.v20180815020001" download-size="2418" install-size="2418" />
	<plugin fragment="true" id="org.eclipse.tips.json.nl_de" unpack="false" version="4.8.0.v20180815020001" download-size="1574" install-size="1574" />
	<plugin fragment="true" id="org.eclipse.tips.ui.nl_de" unpack="false" version="4.8.0.v20180815020001" download-size="2425" install-size="2425" />
	<plugin fragment="true" id="org.eclipse.tools.layout.spy.nl_de" unpack="false" version="4.8.0.v20180815020001" download-size="1420" install-size="1420" />
	<plugin fragment="true" id="org.eclipse.ui.browser.nl_de" unpack="false" version="4.8.0.v20180815020001" download-size="3656" install-size="3656" />
	<plugin fragment="true" id="org.eclipse.ui.cheatsheets.nl_de" unpack="false" version="4.8.0.v20180815020001" download-size="6016" install-size="6016" />
	<plugin fragment="true" id="org.eclipse.ui.cocoa.nl_de" unpack="false" version="4.8.0.v20180815020001" download-size="1432" install-size="1432" />
	<plugin fragment="true" id="org.eclipse.ui.console.nl_de" unpack="false" version="4.8.0.v20180815020001" download-size="3535" install-size="3535" />
	<plugin fragment="true" id="org.eclipse.ui.editors.nl_de" unpack="false" version="4.8.0.v20180815020001" download-size="14557" install-size="14557" />
	<plugin fragment="true" id="org.eclipse.ui.examples.contributions.nl_de" unpack="false" version="4.8.0.v20180815020001" download-size="3331" install-size="3331" />
	<plugin fragment="true" id="org.eclipse.ui.examples.fieldassist.nl_de" unpack="false" version="4.8.0.v20180815020001" download-size="3756" install-size="3756" />
	<plugin fragment="true" id="org.eclipse.ui.examples.javaeditor.nl_de" unpack="false" version="4.8.0.v20180815020001" download-size="4133" install-size="4133" />
	<plugin fragment="true" id="org.eclipse.ui.examples.job.nl_de" unpack="false" version="4.8.0.v20180815020001" download-size="1396" install-size="1396" />
	<plugin fragment="true" id="org.eclipse.ui.examples.multipageeditor.nl_de" unpack="false" version="4.8.0.v20180815020001" download-size="2446" install-size="2446" />
	<plugin fragment="true" id="org.eclipse.ui.examples.navigator.nl_de" unpack="false" version="4.8.0.v20180815020001" download-size="1407" install-size="1407" />
	<plugin fragment="true" id="org.eclipse.ui.examples.propertysheet.nl_de" unpack="false" version="4.8.0.v20180815020001" download-size="3283" install-size="3283" />
	<plugin fragment="true" id="org.eclipse.ui.examples.readmetool.nl_de" unpack="false" version="4.8.0.v20180815020001" download-size="4525" install-size="4525" />
	<plugin fragment="true" id="org.eclipse.ui.examples.undo.nl_de" unpack="false" version="4.8.0.v20180815020001" download-size="2923" install-size="2923" />
	<plugin fragment="true" id="org.eclipse.ui.examples.views.properties.tabbed.article.nl_de" unpack="false" version="4.8.0.v20180815020001" download-size="1533" install-size="1533" />
	<plugin fragment="true" id="org.eclipse.ui.externaltools.nl_de" unpack="false" version="4.8.0.v20180815020001" download-size="9014" install-size="9014" />
	<plugin fragment="true" id="org.eclipse.ui.forms.examples.nl_de" unpack="false" version="4.8.0.v20180815020001" download-size="1429" install-size="1429" />
	<plugin fragment="true" id="org.eclipse.ui.forms.nl_de" unpack="false" version="4.8.0.v20180815020001" download-size="2368" install-size="2368" />
	<plugin fragment="true" id="org.eclipse.ui.genericeditor.nl_de" unpack="false" version="4.8.0.v20180815020001" download-size="2326" install-size="2326" />
	<plugin fragment="true" id="org.eclipse.ui.ide.application.nl_de" unpack="false" version="4.8.0.v20180815020001" download-size="1693" install-size="1693" />
	<plugin fragment="true" id="org.eclipse.ui.ide.nl_de" unpack="false" version="4.8.0.v20180815020001" download-size="38360" install-size="38360" />
	<plugin fragment="true" id="org.eclipse.ui.intro.nl_de" unpack="false" version="4.8.0.v20180815020001" download-size="3944" install-size="3944" />
	<plugin fragment="true" id="org.eclipse.ui.intro.quicklinks.examples.nl_de" unpack="false" version="4.8.0.v20180815020001" download-size="1375" install-size="1375" />
	<plugin fragment="true" id="org.eclipse.ui.intro.quicklinks.nl_de" unpack="false" version="4.8.0.v20180815020001" download-size="1371" install-size="1371" />
	<plugin fragment="true" id="org.eclipse.ui.intro.universal.nl_de" unpack="false" version="4.8.0.v20180815020001" download-size="15094" install-size="15094" />
	<plugin fragment="true" id="org.eclipse.ui.monitoring.nl_de" unpack="false" version="4.8.0.v20180815020001" download-size="2933" install-size="2933" />
	<plugin fragment="true" id="org.eclipse.ui.navigator.nl_de" unpack="false" version="4.8.0.v20180815020001" download-size="4113" install-size="4113" />
	<plugin fragment="true" id="org.eclipse.ui.navigator.resources.nl_de" unpack="false" version="4.8.0.v20180815020001" download-size="3800" install-size="3800" />
	<plugin fragment="true" id="org.eclipse.ui.net.nl_de" unpack="false" version="4.8.0.v20180815020001" download-size="2832" install-size="2832" />
	<plugin fragment="true" id="org.eclipse.ui.nl_de" unpack="false" version="4.8.0.v20180815020001" download-size="6200" install-size="6200" />
	<plugin fragment="true" id="org.eclipse.ui.tests.navigator.nl_de" unpack="false" version="4.8.0.v20180815020001" download-size="1487" install-size="1487" />
	<plugin fragment="true" id="org.eclipse.ui.tests.rcp.nl_de" unpack="false" version="4.8.0.v20180815020001" download-size="1365" install-size="1365" />
	<plugin fragment="true" id="org.eclipse.ui.tests.views.properties.tabbed.nl_de" unpack="false" version="4.8.0.v20180815020001" download-size="1550" install-size="1550" />
	<plugin fragment="true" id="org.eclipse.ui.themes.nl_de" unpack="false" version="4.8.0.v20180815020001" download-size="1468" install-size="1468" />
	<plugin fragment="true" id="org.eclipse.ui.trace.nl_de" unpack="false" version="4.8.0.v20180815020001" download-size="2870" install-size="2870" />
	<plugin fragment="true" id="org.eclipse.ui.views.log.nl_de" unpack="false" version="4.8.0.v20180815020001" download-size="3895" install-size="3895" />
	<plugin fragment="true" id="org.eclipse.ui.views.nl_de" unpack="false" version="4.8.0.v20180815020001" download-size="3309" install-size="3309" />
	<plugin fragment="true" id="org.eclipse.ui.views.properties.tabbed.nl_de" unpack="false" version="4.8.0.v20180815020001" download-size="3194" install-size="3194" />
	<plugin fragment="true" id="org.eclipse.ui.win32.nl_de" unpack="false" version="4.8.0.v20180815020001" download-size="2739" install-size="2739" />
	<plugin fragment="true" id="org.eclipse.ui.workbench.nl_de" unpack="false" version="4.8.0.v20180815020001" download-size="29261" install-size="29261" />
	<plugin fragment="true" id="org.eclipse.ui.workbench.texteditor.nl_de" unpack="false" version="4.8.0.v20180815020001" download-size="14282" install-size="14282" />
	<plugin fragment="true" id="org.eclipse.update.configurator.nl_de" unpack="false" version="4.8.0.v20180815020001" download-size="3525" install-size="3525" />
	<plugin fragment="true" id="org.example.releng.nl_de" unpack="false" version="4.8.0.v20180815020001" download-size="1651" install-size="1651" />
</feature>