﻿<?xml version="1.0" encoding="UTF-8"?>

<protocol name="EPCMetrics"> 
  <display> 
    <default>EPC metrics</default>  
    <de>EPC Metrik</de> 
  </display>  
  <description> 
    <default>Tool to calculate metrics for epcs.</default>  
    <de>Werkzeug zur Berechnung von Komplexit?tsmetriken f?r ereignisgesteuerte Prozessketten.</de> 
  </description>  
  <components> 
    <component class="org.bflow.toolbox.addons.components.DiagramExportComponent" params="EPCTools EPML-Datei"/>  
    <component class="org.bflow.toolbox.addons.components.ToolRunComponent" tool="" params="EPC-Metrics"/>  
    <component class="org.bflow.toolbox.addons.components.ToolAdapterComponent" params="shell to file"/>  
    <component class="org.bflow.toolbox.addons.components.ToolRunComponent" tool="" params="EPC-Metrics-Adapter"/>  
    <component class="org.bflow.toolbox.addons.components.ShellAnalysisComponent" params=""/>  
    <component class="org.bflow.toolbox.addons.components.ProblemsViewGeneratorComponent" params=""/> 
  </components>  
  <toolhint name="EPC-Metrics" param="-r -s -i $source -o $install_dirresults -c $install_dirmetrics_configuration.xml"/>
  <toolhint name="EPC-Metrics-Adapter" param="-f:$file1"/>
</protocol>
