<?xml version="1.0" encoding="UTF-8"?>

<protocol name="BflowAddonAttributeTest"> 
  <display> 
    <default>BflowAddonAttributeTest</default> 
  </display>  
  <description> 
    <default/>  
    <de_DE>Tests the add-on attribute property change feature.</de_DE> 
  </description>  
  <components> 
    <component class="org.bflow.toolbox.hive.addons.components.DiagramExportComponent" params="Simple Id Export"/>  
    <component class="org.bflow.toolbox.hive.addons.components.ToolRunComponent" params="BflowAddonAttributeTest"/>  
    <component class="org.bflow.toolbox.hive.addons.components.ShellAnalysisComponent" params=""/>  
    <component class="org.bflow.toolbox.hive.addons.components.AttributeAdjustComponent" params=""/> 
  </components>  
  <toolhint name="BflowAddonAttributeTest" param="$source"/>
</protocol>
