<?xml version="1.0" encoding="UTF-8" ?>
<feature
	id="org.eclipse.babel.nls_modeling.gmp.gmf-runtime_de"
	label="Babel Language Pack for modeling.gmp.gmf-runtime in German (63.51%)"
	image="eclipse_update_120.jpg"
	provider-name="%providerName"
	version="3.6.0.v20120721114722">
	<copyright>
		%copyright
	</copyright>
	<license url="%licenseURL">
		%license
	</license>
	<description>Babel Language Pack for modeling.gmp.gmf-runtime in German</description>
	<plugin fragment="true" id="org.eclipse.gmf.nl_de" unpack="false" version="3.6.0.v20120721114722" download-size="1358" install-size="1358" />
	<plugin fragment="true" id="org.eclipse.gmf.runtime.common.core.nl_de" unpack="false" version="3.6.0.v20120721114722" download-size="3135" install-size="3135" />
	<plugin fragment="true" id="org.eclipse.gmf.runtime.common.ui.action.ide.nl_de" unpack="false" version="3.6.0.v20120721114722" download-size="3339" install-size="3339" />
	<plugin fragment="true" id="org.eclipse.gmf.runtime.common.ui.action.nl_de" unpack="false" version="3.6.0.v20120721114722" download-size="3353" install-size="3353" />
	<plugin fragment="true" id="org.eclipse.gmf.runtime.common.ui.nl_de" unpack="false" version="3.6.0.v20120721114722" download-size="3815" install-size="3815" />
	<plugin fragment="true" id="org.eclipse.gmf.runtime.common.ui.printing.nl_de" unpack="false" version="3.6.0.v20120721114722" download-size="1383" install-size="1383" />
	<plugin fragment="true" id="org.eclipse.gmf.runtime.common.ui.services.action.nl_de" unpack="false" version="3.6.0.v20120721114722" download-size="1387" install-size="1387" />
	<plugin fragment="true" id="org.eclipse.gmf.runtime.common.ui.services.dnd.ide.nl_de" unpack="false" version="3.6.0.v20120721114722" download-size="1389" install-size="1389" />
	<plugin fragment="true" id="org.eclipse.gmf.runtime.common.ui.services.dnd.nl_de" unpack="false" version="3.6.0.v20120721114722" download-size="1385" install-size="1385" />
	<plugin fragment="true" id="org.eclipse.gmf.runtime.common.ui.services.nl_de" unpack="false" version="3.6.0.v20120721114722" download-size="1381" install-size="1381" />
	<plugin fragment="true" id="org.eclipse.gmf.runtime.common.ui.services.properties.nl_de" unpack="false" version="3.6.0.v20120721114722" download-size="3320" install-size="3320" />
	<plugin fragment="true" id="org.eclipse.gmf.runtime.diagram.core.nl_de" unpack="false" version="3.6.0.v20120721114722" download-size="2939" install-size="2939" />
	<plugin fragment="true" id="org.eclipse.gmf.runtime.diagram.ui.actions.nl_de" unpack="false" version="3.6.0.v20120721114722" download-size="5626" install-size="5626" />
	<plugin fragment="true" id="org.eclipse.gmf.runtime.diagram.ui.dnd.nl_de" unpack="false" version="3.6.0.v20120721114722" download-size="1379" install-size="1379" />
	<plugin fragment="true" id="org.eclipse.gmf.runtime.diagram.ui.geoshapes.nl_de" unpack="false" version="3.6.0.v20120721114722" download-size="1717" install-size="1717" />
	<plugin fragment="true" id="org.eclipse.gmf.runtime.diagram.ui.nl_de" unpack="false" version="3.6.0.v20120721114722" download-size="6984" install-size="6984" />
	<plugin fragment="true" id="org.eclipse.gmf.runtime.diagram.ui.printing.nl_de" unpack="false" version="3.6.0.v20120721114722" download-size="3453" install-size="3453" />
	<plugin fragment="true" id="org.eclipse.gmf.runtime.diagram.ui.printing.render.nl_de" unpack="false" version="3.6.0.v20120721114722" download-size="1387" install-size="1387" />
	<plugin fragment="true" id="org.eclipse.gmf.runtime.diagram.ui.properties.nl_de" unpack="false" version="3.6.0.v20120721114722" download-size="3835" install-size="3835" />
	<plugin fragment="true" id="org.eclipse.gmf.runtime.diagram.ui.providers.ide.nl_de" unpack="false" version="3.6.0.v20120721114722" download-size="1387" install-size="1387" />
	<plugin fragment="true" id="org.eclipse.gmf.runtime.diagram.ui.providers.nl_de" unpack="false" version="3.6.0.v20120721114722" download-size="3387" install-size="3387" />
	<plugin fragment="true" id="org.eclipse.gmf.runtime.diagram.ui.render.nl_de" unpack="false" version="3.6.0.v20120721114722" download-size="3193" install-size="3193" />
	<plugin fragment="true" id="org.eclipse.gmf.runtime.diagram.ui.resources.editor.ide.nl_de" unpack="false" version="3.6.0.v20120721114722" download-size="3764" install-size="3764" />
	<plugin fragment="true" id="org.eclipse.gmf.runtime.diagram.ui.resources.editor.nl_de" unpack="false" version="3.6.0.v20120721114722" download-size="4127" install-size="4127" />
	<plugin fragment="true" id="org.eclipse.gmf.runtime.draw2d.ui.nl_de" unpack="false" version="3.6.0.v20120721114722" download-size="1376" install-size="1376" />
	<plugin fragment="true" id="org.eclipse.gmf.runtime.draw2d.ui.render.awt.nl_de" unpack="false" version="3.6.0.v20120721114722" download-size="1382" install-size="1382" />
	<plugin fragment="true" id="org.eclipse.gmf.runtime.draw2d.ui.render.nl_de" unpack="false" version="3.6.0.v20120721114722" download-size="1380" install-size="1380" />
	<plugin fragment="true" id="org.eclipse.gmf.runtime.emf.clipboard.core.nl_de" unpack="false" version="3.6.0.v20120721114722" download-size="2993" install-size="2993" />
	<plugin fragment="true" id="org.eclipse.gmf.runtime.emf.commands.core.nl_de" unpack="false" version="3.6.0.v20120721114722" download-size="1382" install-size="1382" />
	<plugin fragment="true" id="org.eclipse.gmf.runtime.emf.core.nl_de" unpack="false" version="3.6.0.v20120721114722" download-size="2732" install-size="2732" />
	<plugin fragment="true" id="org.eclipse.gmf.runtime.emf.type.core.nl_de" unpack="false" version="3.6.0.v20120721114722" download-size="3023" install-size="3023" />
	<plugin fragment="true" id="org.eclipse.gmf.runtime.emf.type.ui.nl_de" unpack="false" version="3.6.0.v20120721114722" download-size="1378" install-size="1378" />
	<plugin fragment="true" id="org.eclipse.gmf.runtime.emf.ui.nl_de" unpack="false" version="3.6.0.v20120721114722" download-size="3201" install-size="3201" />
	<plugin fragment="true" id="org.eclipse.gmf.runtime.emf.ui.properties.nl_de" unpack="false" version="3.6.0.v20120721114722" download-size="3087" install-size="3087" />
	<plugin fragment="true" id="org.eclipse.gmf.runtime.gef.ui.nl_de" unpack="false" version="3.6.0.v20120721114722" download-size="1376" install-size="1376" />
	<plugin fragment="true" id="org.eclipse.gmf.runtime.notation.providers.nl_de" unpack="false" version="3.6.0.v20120721114722" download-size="1382" install-size="1382" />
	<plugin fragment="true" id="org.eclipse.gmf.runtime.sdk.nl_de" unpack="false" version="3.6.0.v20120721114722" download-size="1368" install-size="1368" />
</feature>