<?xml version="1.0" encoding="UTF-8" ?>
<feature
	id="org.eclipse.babel.nls_soa.bpmn2-modeler_de"
	label="Babel Language Pack for soa.bpmn2-modeler in German (93.83%)"
	image="eclipse_update_120.jpg"
	provider-name="%providerName"
	version="4.7.0.v20180815042455">
	<copyright>
		%copyright
	</copyright>
	<license url="%licenseURL">
		%license
	</license>
	<description>Babel Language Pack for soa.bpmn2-modeler in German</description>
	<plugin fragment="true" id="org.eclipse.bpmn2.modeler.core.nl_de" unpack="false" version="4.7.0.v20180815042455" download-size="19478" install-size="19478" />
	<plugin fragment="true" id="org.eclipse.bpmn2.modeler.examples.customtask.nl_de" unpack="false" version="4.7.0.v20180815042455" download-size="1381" install-size="1381" />
	<plugin fragment="true" id="org.eclipse.bpmn2.modeler.examples.datatypes.nl_de" unpack="false" version="4.7.0.v20180815042455" download-size="1393" install-size="1393" />
	<plugin fragment="true" id="org.eclipse.bpmn2.modeler.examples.dynamic.nl_de" unpack="false" version="4.7.0.v20180815042455" download-size="1377" install-size="1377" />
	<plugin fragment="true" id="org.eclipse.bpmn2.modeler.examples.modelreader.nl_de" unpack="false" version="4.7.0.v20180815042455" download-size="1382" install-size="1382" />
	<plugin fragment="true" id="org.eclipse.bpmn2.modeler.help.nl_de" unpack="false" version="4.7.0.v20180815042455" download-size="1371" install-size="1371" />
	<plugin fragment="true" id="org.eclipse.bpmn2.modeler.runtime.jboss.jbpm.nl_de" unpack="false" version="4.7.0.v20180815042455" download-size="12321" install-size="12321" />
	<plugin fragment="true" id="org.eclipse.bpmn2.modeler.ui.nl_de" unpack="false" version="4.7.0.v20180815042455" download-size="34143" install-size="34143" />
</feature>