<?xml version="1.0" encoding="UTF-8" ?>
<feature
	id="org.eclipse.babel.nls_modeling.emf_de"
	label="Babel Language Pack for modeling.emf in German (66.11%)"
	image="eclipse_update_120.jpg"
	provider-name="%providerName"
	version="4.7.0.v20180815042455">
	<copyright>
		%copyright
	</copyright>
	<license url="%licenseURL">
		%license
	</license>
	<description>Babel Language Pack for modeling.emf in German</description>
	<plugin fragment="true" id="org.eclipse.emf.activities.nl_de" unpack="false" version="4.7.0.v20180815042455" download-size="1606" install-size="1606" />
	<plugin fragment="true" id="org.eclipse.emf.all-feature.nl_de" unpack="false" version="4.7.0.v20180815042455" download-size="1402" install-size="1402" />
	<plugin fragment="true" id="org.eclipse.emf.ant.nl_de" unpack="false" version="4.7.0.v20180815042455" download-size="1395" install-size="1395" />
	<plugin fragment="true" id="org.eclipse.emf.base-feature.nl_de" unpack="false" version="4.7.0.v20180815042455" download-size="1402" install-size="1402" />
	<plugin fragment="true" id="org.eclipse.emf.cheatsheets.nl_de" unpack="false" version="4.7.0.v20180815042455" download-size="1709" install-size="1709" />
	<plugin fragment="true" id="org.eclipse.emf.codegen.ecore.nl_de" unpack="false" version="4.7.0.v20180815042455" download-size="3084" install-size="3084" />
	<plugin fragment="true" id="org.eclipse.emf.codegen.ecore.ui.nl_de" unpack="false" version="4.7.0.v20180815042455" download-size="6673" install-size="6673" />
	<plugin fragment="true" id="org.eclipse.emf.codegen.ecore.xtext.nl_de" unpack="false" version="4.7.0.v20180815042455" download-size="1388" install-size="1388" />
	<plugin fragment="true" id="org.eclipse.emf.codegen.ecore.xtext.ui.nl_de" unpack="false" version="4.7.0.v20180815042455" download-size="1390" install-size="1390" />
	<plugin fragment="true" id="org.eclipse.emf.codegen.nl_de" unpack="false" version="4.7.0.v20180815042455" download-size="2589" install-size="2589" />
	<plugin fragment="true" id="org.eclipse.emf.codegen.ui.nl_de" unpack="false" version="4.7.0.v20180815042455" download-size="2070" install-size="2070" />
	<plugin fragment="true" id="org.eclipse.emf.common.nl_de" unpack="false" version="4.7.0.v20180815042455" download-size="2448" install-size="2448" />
	<plugin fragment="true" id="org.eclipse.emf.common.ui.nl_de" unpack="false" version="4.7.0.v20180815042455" download-size="2524" install-size="2524" />
	<plugin fragment="true" id="org.eclipse.emf.converter.nl_de" unpack="false" version="4.7.0.v20180815042455" download-size="2351" install-size="2351" />
	<plugin fragment="true" id="org.eclipse.emf.databinding.edit.nl_de" unpack="false" version="4.7.0.v20180815042455" download-size="1386" install-size="1386" />
	<plugin fragment="true" id="org.eclipse.emf.databinding.nl_de" unpack="false" version="4.7.0.v20180815042455" download-size="1384" install-size="1384" />
	<plugin fragment="true" id="org.eclipse.emf.doc.nl_de" unpack="false" version="4.7.0.v20180815042455" download-size="1681" install-size="1681" />
	<plugin fragment="true" id="org.eclipse.emf.ecore.change.edit.nl_de" unpack="false" version="4.7.0.v20180815042455" download-size="1915" install-size="1915" />
	<plugin fragment="true" id="org.eclipse.emf.ecore.change.nl_de" unpack="false" version="4.7.0.v20180815042455" download-size="1414" install-size="1414" />
	<plugin fragment="true" id="org.eclipse.emf.ecore.edit.nl_de" unpack="false" version="4.7.0.v20180815042455" download-size="2827" install-size="2827" />
	<plugin fragment="true" id="org.eclipse.emf.ecore.editor.nl_de" unpack="false" version="4.7.0.v20180815042455" download-size="2560" install-size="2560" />
	<plugin fragment="true" id="org.eclipse.emf.ecore.nl_de" unpack="false" version="4.7.0.v20180815042455" download-size="3776" install-size="3776" />
	<plugin fragment="true" id="org.eclipse.emf.ecore.xcore.edit.nl_de" unpack="false" version="4.7.0.v20180815042455" download-size="2482" install-size="2482" />
	<plugin fragment="true" id="org.eclipse.emf.ecore.xcore.exporter.nl_de" unpack="false" version="4.7.0.v20180815042455" download-size="1388" install-size="1388" />
	<plugin fragment="true" id="org.eclipse.emf.ecore.xcore.importer.nl_de" unpack="false" version="4.7.0.v20180815042455" download-size="1388" install-size="1388" />
	<plugin fragment="true" id="org.eclipse.emf.ecore.xcore.lib.nl_de" unpack="false" version="4.7.0.v20180815042455" download-size="1386" install-size="1386" />
	<plugin fragment="true" id="org.eclipse.emf.ecore.xcore.nl_de" unpack="false" version="4.7.0.v20180815042455" download-size="1629" install-size="1629" />
	<plugin fragment="true" id="org.eclipse.emf.ecore.xcore.ui.nl_de" unpack="false" version="4.7.0.v20180815042455" download-size="1662" install-size="1662" />
	<plugin fragment="true" id="org.eclipse.emf.ecore.xmi.nl_de" unpack="false" version="4.7.0.v20180815042455" download-size="1456" install-size="1456" />
	<plugin fragment="true" id="org.eclipse.emf.edit.nl_de" unpack="false" version="4.7.0.v20180815042455" download-size="2477" install-size="2477" />
	<plugin fragment="true" id="org.eclipse.emf.edit.ui.nl_de" unpack="false" version="4.7.0.v20180815042455" download-size="2560" install-size="2560" />
	<plugin fragment="true" id="org.eclipse.emf.example.installer.nl_de" unpack="false" version="4.7.0.v20180815042455" download-size="1447" install-size="1447" />
	<plugin fragment="true" id="org.eclipse.emf.examples.databinding.project.core.model.nl_de" unpack="false" version="4.7.0.v20180815042455" download-size="1404" install-size="1404" />
	<plugin fragment="true" id="org.eclipse.emf.examples.databinding.project.core.nl_de" unpack="false" version="4.7.0.v20180815042455" download-size="1397" install-size="1397" />
	<plugin fragment="true" id="org.eclipse.emf.examples.databinding.project.ui.rcp.nl_de" unpack="false" version="4.7.0.v20180815042455" download-size="1433" install-size="1433" />
	<plugin fragment="true" id="org.eclipse.emf.examples.generator.validator.nl_de" unpack="false" version="4.7.0.v20180815042455" download-size="1393" install-size="1393" />
	<plugin fragment="true" id="org.eclipse.emf.examples.jet.article2.nl_de" unpack="false" version="4.7.0.v20180815042455" download-size="1900" install-size="1900" />
	<plugin fragment="true" id="org.eclipse.emf.examples.library.edit.nl_de" unpack="false" version="4.7.0.v20180815042455" download-size="1833" install-size="1833" />
	<plugin fragment="true" id="org.eclipse.emf.examples.library.editor.nl_de" unpack="false" version="4.7.0.v20180815042455" download-size="2054" install-size="2054" />
	<plugin fragment="true" id="org.eclipse.emf.examples.library.nl_de" unpack="false" version="4.7.0.v20180815042455" download-size="1386" install-size="1386" />
	<plugin fragment="true" id="org.eclipse.emf.examples.nl_de" unpack="false" version="4.7.0.v20180815042455" download-size="1644" install-size="1644" />
	<plugin fragment="true" id="org.eclipse.emf.exporter.html.nl_de" unpack="false" version="4.7.0.v20180815042455" download-size="1442" install-size="1442" />
	<plugin fragment="true" id="org.eclipse.emf.exporter.nl_de" unpack="false" version="4.7.0.v20180815042455" download-size="1425" install-size="1425" />
	<plugin fragment="true" id="org.eclipse.emf.gwt.common.nl_de" unpack="false" version="4.7.0.v20180815042455" download-size="1627" install-size="1627" />
	<plugin fragment="true" id="org.eclipse.emf.gwt.ecore.change.nl_de" unpack="false" version="4.7.0.v20180815042455" download-size="1387" install-size="1387" />
	<plugin fragment="true" id="org.eclipse.emf.gwt.ecore.edit.nl_de" unpack="false" version="4.7.0.v20180815042455" download-size="2565" install-size="2565" />
	<plugin fragment="true" id="org.eclipse.emf.gwt.ecore.nl_de" unpack="false" version="4.7.0.v20180815042455" download-size="1406" install-size="1406" />
	<plugin fragment="true" id="org.eclipse.emf.gwt.edit.nl_de" unpack="false" version="4.7.0.v20180815042455" download-size="1381" install-size="1381" />
	<plugin fragment="true" id="org.eclipse.emf.gwt.edit.ui.nl_de" unpack="false" version="4.7.0.v20180815042455" download-size="1642" install-size="1642" />
	<plugin fragment="true" id="org.eclipse.emf.gwt.nl_de" unpack="false" version="4.7.0.v20180815042455" download-size="1377" install-size="1377" />
	<plugin fragment="true" id="org.eclipse.emf.importer.ecore.nl_de" unpack="false" version="4.7.0.v20180815042455" download-size="1709" install-size="1709" />
	<plugin fragment="true" id="org.eclipse.emf.importer.java.nl_de" unpack="false" version="4.7.0.v20180815042455" download-size="1861" install-size="1861" />
	<plugin fragment="true" id="org.eclipse.emf.importer.nl_de" unpack="false" version="4.7.0.v20180815042455" download-size="2377" install-size="2377" />
	<plugin fragment="true" id="org.eclipse.emf.importer.rose.nl_de" unpack="false" version="4.7.0.v20180815042455" download-size="3267" install-size="3267" />
	<plugin fragment="true" id="org.eclipse.emf.java.edit.nl_de" unpack="false" version="4.7.0.v20180815042455" download-size="2108" install-size="2108" />
	<plugin fragment="true" id="org.eclipse.emf.java.editor.nl_de" unpack="false" version="4.7.0.v20180815042455" download-size="2069" install-size="2069" />
	<plugin fragment="true" id="org.eclipse.emf.java.nl_de" unpack="false" version="4.7.0.v20180815042455" download-size="1644" install-size="1644" />
	<plugin fragment="true" id="org.eclipse.emf.mapping.ecore.editor.nl_de" unpack="false" version="4.7.0.v20180815042455" download-size="1682" install-size="1682" />
	<plugin fragment="true" id="org.eclipse.emf.mapping.ecore.nl_de" unpack="false" version="4.7.0.v20180815042455" download-size="1625" install-size="1625" />
	<plugin fragment="true" id="org.eclipse.emf.mapping.ecore2ecore.editor.nl_de" unpack="false" version="4.7.0.v20180815042455" download-size="2488" install-size="2488" />
	<plugin fragment="true" id="org.eclipse.emf.mapping.ecore2ecore.nl_de" unpack="false" version="4.7.0.v20180815042455" download-size="1511" install-size="1511" />
	<plugin fragment="true" id="org.eclipse.emf.mapping.ecore2xml.nl_de" unpack="false" version="4.7.0.v20180815042455" download-size="1406" install-size="1406" />
	<plugin fragment="true" id="org.eclipse.emf.mapping.ecore2xml.ui.nl_de" unpack="false" version="4.7.0.v20180815042455" download-size="2537" install-size="2537" />
	<plugin fragment="true" id="org.eclipse.emf.mapping.nl_de" unpack="false" version="4.7.0.v20180815042455" download-size="2536" install-size="2536" />
	<plugin fragment="true" id="org.eclipse.emf.mapping.ui.nl_de" unpack="false" version="4.7.0.v20180815042455" download-size="2359" install-size="2359" />
	<plugin fragment="true" id="org.eclipse.emf.nl_de" unpack="false" version="4.7.0.v20180815042455" download-size="1631" install-size="1631" />
	<plugin fragment="true" id="org.eclipse.emf.oda.ecore.nl_de" unpack="false" version="4.7.0.v20180815042455" download-size="1650" install-size="1650" />
	<plugin fragment="true" id="org.eclipse.emf.oda.ecore.ui.nl_de" unpack="false" version="4.7.0.v20180815042455" download-size="1509" install-size="1509" />
	<plugin fragment="true" id="org.eclipse.emf.oda.nl_de" unpack="false" version="4.7.0.v20180815042455" download-size="1377" install-size="1377" />
	<plugin fragment="true" id="org.eclipse.emf.rap.common.ui.nl_de" unpack="false" version="4.7.0.v20180815042455" download-size="2511" install-size="2511" />
	<plugin fragment="true" id="org.eclipse.emf.rap.edit.ui.nl_de" unpack="false" version="4.7.0.v20180815042455" download-size="2302" install-size="2302" />
	<plugin fragment="true" id="org.eclipse.emf.rap.nl_de" unpack="false" version="4.7.0.v20180815042455" download-size="1377" install-size="1377" />
	<plugin fragment="true" id="org.eclipse.emf.releng.buckminster.nl_de" unpack="false" version="4.7.0.v20180815042455" download-size="2125" install-size="2125" />
	<plugin fragment="true" id="org.eclipse.emf.test.codegen.ecore.xtext.nl_de" unpack="false" version="4.7.0.v20180815042455" download-size="1636" install-size="1636" />
	<plugin fragment="true" id="org.eclipse.emf.test.common.nl_de" unpack="false" version="4.7.0.v20180815042455" download-size="2053" install-size="2053" />
	<plugin fragment="true" id="org.eclipse.emf.test.core.nl_de" unpack="false" version="4.7.0.v20180815042455" download-size="1381" install-size="1381" />
	<plugin fragment="true" id="org.eclipse.emf.test.databinding.edit.nl_de" unpack="false" version="4.7.0.v20180815042455" download-size="1389" install-size="1389" />
	<plugin fragment="true" id="org.eclipse.emf.test.databinding.nl_de" unpack="false" version="4.7.0.v20180815042455" download-size="1386" install-size="1386" />
	<plugin fragment="true" id="org.eclipse.emf.test.ecore.xcore.nl_de" unpack="false" version="4.7.0.v20180815042455" download-size="1387" install-size="1387" />
	<plugin fragment="true" id="org.eclipse.emf.test.edit.nl_de" unpack="false" version="4.7.0.v20180815042455" download-size="2330" install-size="2330" />
	<plugin fragment="true" id="org.eclipse.emf.test.examples.nl_de" unpack="false" version="4.7.0.v20180815042455" download-size="1384" install-size="1384" />
	<plugin fragment="true" id="org.eclipse.emf.test.tools.nl_de" unpack="false" version="4.7.0.v20180815042455" download-size="16038" install-size="16038" />
	<plugin fragment="true" id="org.eclipse.emf.test.xml.nl_de" unpack="false" version="4.7.0.v20180815042455" download-size="1381" install-size="1381" />
	<plugin fragment="true" id="org.eclipse.emf.xcore.build-feature.nl_de" unpack="false" version="4.7.0.v20180815042455" download-size="1406" install-size="1406" />
	<plugin fragment="true" id="org.eclipse.emf.xcore.releng.nl_de" unpack="false" version="4.7.0.v20180815042455" download-size="1521" install-size="1521" />
</feature>