<?xml version="1.0" encoding="UTF-8" ?>
<feature
	id="org.eclipse.babel.nls_modeling.graphiti_de"
	label="Babel Language Pack for modeling.graphiti in German (78.77%)"
	image="eclipse_update_120.jpg"
	provider-name="%providerName"
	version="4.8.0.v20180815020001">
	<copyright>
		%copyright
	</copyright>
	<license url="%licenseURL">
		%license
	</license>
	<description>Babel Language Pack for modeling.graphiti in German</description>
	<plugin fragment="true" id="org.eclipse.graphiti.doc.nl_de" unpack="false" version="4.8.0.v20180815020001" download-size="1412" install-size="1412" />
	<plugin fragment="true" id="org.eclipse.graphiti.examples.chess.nl_de" unpack="false" version="4.8.0.v20180815020001" download-size="2373" install-size="2373" />
	<plugin fragment="true" id="org.eclipse.graphiti.examples.common.nl_de" unpack="false" version="4.8.0.v20180815020001" download-size="2763" install-size="2763" />
	<plugin fragment="true" id="org.eclipse.graphiti.examples.composite.nl_de" unpack="false" version="4.8.0.v20180815020001" download-size="1408" install-size="1408" />
	<plugin fragment="true" id="org.eclipse.graphiti.examples.filesystem.mm.nl_de" unpack="false" version="4.8.0.v20180815020001" download-size="1393" install-size="1393" />
	<plugin fragment="true" id="org.eclipse.graphiti.examples.filesystem.nl_de" unpack="false" version="4.8.0.v20180815020001" download-size="1391" install-size="1391" />
	<plugin fragment="true" id="org.eclipse.graphiti.examples.tutorial.nl_de" unpack="false" version="4.8.0.v20180815020001" download-size="2406" install-size="2406" />
	<plugin fragment="true" id="org.eclipse.graphiti.export.batik.nl_de" unpack="false" version="4.8.0.v20180815020001" download-size="1418" install-size="1418" />
	<plugin fragment="true" id="org.eclipse.graphiti.mm.nl_de" unpack="false" version="4.8.0.v20180815020001" download-size="1410" install-size="1410" />
	<plugin fragment="true" id="org.eclipse.graphiti.nl_de" unpack="false" version="4.8.0.v20180815020001" download-size="2664" install-size="2664" />
	<plugin fragment="true" id="org.eclipse.graphiti.pattern.nl_de" unpack="false" version="4.8.0.v20180815020001" download-size="1408" install-size="1408" />
	<plugin fragment="true" id="org.eclipse.graphiti.releng.nl_de" unpack="false" version="4.8.0.v20180815020001" download-size="1398" install-size="1398" />
	<plugin fragment="true" id="org.eclipse.graphiti.testtool.ecore.nl_de" unpack="false" version="4.8.0.v20180815020001" download-size="1388" install-size="1388" />
	<plugin fragment="true" id="org.eclipse.graphiti.testtool.sketch.nl_de" unpack="false" version="4.8.0.v20180815020001" download-size="1389" install-size="1389" />
	<plugin fragment="true" id="org.eclipse.graphiti.tools.newprojectwizard.nl_de" unpack="false" version="4.8.0.v20180815020001" download-size="3379" install-size="3379" />
	<plugin fragment="true" id="org.eclipse.graphiti.ui.capabilities.nl_de" unpack="false" version="4.8.0.v20180815020001" download-size="1524" install-size="1524" />
	<plugin fragment="true" id="org.eclipse.graphiti.ui.nl_de" unpack="false" version="4.8.0.v20180815020001" download-size="4385" install-size="4385" />
</feature>