<?xml version="1.0" encoding="UTF-8" ?>
<feature
	id="org.eclipse.babel.nls_tools.gef_de"
	label="Babel Language Pack for tools.gef in German (73.11%)"
	image="eclipse_update_120.jpg"
	provider-name="%providerName"
	version="4.5.0.v20171231064042">
	<copyright>
		%copyright
	</copyright>
	<license url="%licenseURL">
		%license
	</license>
	<description>Babel Language Pack for tools.gef in German</description>
	<plugin fragment="true" id="org.eclipse.draw2d.doc.isv.nl_de" unpack="false" version="4.5.0.v20171231064042" download-size="1381" install-size="1381" />
	<plugin fragment="true" id="org.eclipse.draw2d.nl_de" unpack="false" version="4.5.0.v20171231064042" download-size="1385" install-size="1385" />
	<plugin fragment="true" id="org.eclipse.gef.doc.isv.nl_de" unpack="false" version="4.5.0.v20171231064042" download-size="1405" install-size="1405" />
	<plugin fragment="true" id="org.eclipse.gef.examples.flow.nl_de" unpack="false" version="4.5.0.v20171231064042" download-size="1398" install-size="1398" />
	<plugin fragment="true" id="org.eclipse.gef.examples.logic.nl_de" unpack="false" version="4.5.0.v20171231064042" download-size="3511" install-size="3511" />
	<plugin fragment="true" id="org.eclipse.gef.examples.shapes.nl_de" unpack="false" version="4.5.0.v20171231064042" download-size="1400" install-size="1400" />
	<plugin fragment="true" id="org.eclipse.gef.examples.text.nl_de" unpack="false" version="4.5.0.v20171231064042" download-size="1398" install-size="1398" />
	<plugin fragment="true" id="org.eclipse.gef.examples.ui.pde.nl_de" unpack="false" version="4.5.0.v20171231064042" download-size="2747" install-size="2747" />
	<plugin fragment="true" id="org.eclipse.gef.nl_de" unpack="false" version="4.5.0.v20171231064042" download-size="4944" install-size="4944" />
	<plugin fragment="true" id="org.eclipse.gef.releng.nl_de" unpack="false" version="4.5.0.v20171231064042" download-size="1537" install-size="1537" />
	<plugin fragment="true" id="org.eclipse.zest.core.nl_de" unpack="false" version="4.5.0.v20171231064042" download-size="1388" install-size="1388" />
	<plugin fragment="true" id="org.eclipse.zest.layouts.nl_de" unpack="false" version="4.5.0.v20171231064042" download-size="1391" install-size="1391" />
</feature>